Unit,Conversion
g C/m2/day,0.964506173
g C/m2/hr,23.14814815
g C/m2/yr,0.002642483
g CO2/m2/day,0.263047138
g CO2/m2/hr,6.313131313
kg C/ha/day,0.096450617
mg C/m2/day,0.000964506
mg C/m2/hr,0.023148148
mg CO2/m2/day,0.000263047
mg CO2/m2/hr,0.006313131
mg CO2/m2/s,22.72727273
mmol CO2/m2/day,0.011574074
mmol CO2/m2/hr,0.277777778
mmol CO2/m2/s,0.001
mol C/m2/yr,0.031709792
mol CO2/m2/day,11.57407407
nmol CO2/m2/s,0.001
ug C/m2/s,0.083333333
ug CO2/m2/s,0.022727273
umol CO2/m2/s,1
